fecha,poliza,concepto,tercero,cargo,abono
2026-08-31,EGR-0008,Pago proveedor Papelería Corporativa MX,Papelería Corporativa MX,,74848.63
2026-09-01,EGR-0003,Pago proveedor Empaques y Cartón Bajío,Empaques y Cartón Bajío,,169052.96
2026-09-01,EGR-0004,Pago proveedor Empaques y Cartón Bajío,Empaques y Cartón Bajío,,24678.11
2026-09-01,EGR-0007,Pago proveedor Energía Industrial SA,Energía Industrial SA,,177862.18
2026-09-01,ING-0001,Cobro FAC-2251,Grupo Logístico Altamira,53291.85,
2026-09-01,ING-0002,Cobro FAC-2252,Distribuidora Alfa Norte,319449.19,
2026-09-02,EGR-0011,Pago proveedor Servicios Técnicos Ramírez,Servicios Técnicos Ramírez,,71782.73
2026-09-02,ING-0005,Cobro FAC-2253,Distribuidora Alfa Norte,238973.13,
2026-09-02,ING-0006,Cobro FAC-2254,Refacciones Industriales MTY,301337.66,
2026-09-03,EGR-0012,Pago proveedor Seguros Patrimoniales del Norte,Seguros Patrimoniales del Norte,,126328.42
2026-09-03,EGR-0013,Pago proveedor Aceros Monclova,Aceros Monclova,,187746.32
2026-09-03,EGR-0018,Pago proveedor Seguros Patrimoniales del Norte,Seguros Patrimoniales del Norte,,31324.03
2026-09-03,EGR-0019,Pago proveedor Mantenimiento Industrial Torres,Mantenimiento Industrial Torres,,176923.19
2026-09-03,ING-0009,Cobro FAC-2255,Refacciones Industriales MTY,189922.36,
2026-09-03,ING-0010,Cobro FAC-2256,Refacciones Industriales MTY,234865.77,
2026-09-04,EGR-0017,Pago proveedor Energía Industrial SA,Energía Industrial SA,,138902.34
2026-09-04,EGR-0023,Pago proveedor Seguros Patrimoniales del Norte,Seguros Patrimoniales del Norte,,46048.68
2026-09-04,EGR-0029,Pago proveedor Transportes Rápidos del Centro,Transportes Rápidos del Centro,,107921.63
2026-09-04,ING-0014,Cobro FAC-2257,Grupo Ferretero del Bajío,203942.68,
2026-09-04,ING-0015,Cobro FAC-2258,Grupo Ferretero del Bajío,93163.51,
2026-09-04,ING-0016,Cobro FAC-2259,Aceros y Perfiles del Golfo,107240.70,
2026-09-07,EGR-0022,Pago proveedor Transportes Rápidos del Centro,Transportes Rápidos del Centro,,149356.67
2026-09-07,ING-0020,Cobro FAC-2260,Grupo Ferretero del Bajío,176380.95,
2026-09-07,ING-0021,Cobro FAC-2261,Comercializadora Sonora,57023.92,
2026-09-08,EGR-0026,Pago proveedor Seguros Patrimoniales del Norte,Seguros Patrimoniales del Norte,,129225.04
2026-09-08,EGR-0033,Pago proveedor Mantenimiento Industrial Torres,Mantenimiento Industrial Torres,,88002.31
2026-09-08,EGR-0038,Pago proveedor Empaques y Cartón Bajío,Empaques y Cartón Bajío,,33152.52
2026-09-08,EGR-0101,Energía eléctrica agosto,CFE,,96430.00
2026-09-08,ING-0024,Cobro FAC-2262,Distribuidora Alfa Norte,43333.42,
2026-09-08,ING-0025,Cobro FAC-2263,Distribuidora Alfa Norte,160695.22,
2026-09-08,ING-0027,Cobro FAC-2264,Grupo Logístico Altamira,204426.23,
2026-09-09,EGR-0030,Pago proveedor Mantenimiento Industrial Torres,Mantenimiento Industrial Torres,,113956.06
2026-09-09,EGR-0034,Pago proveedor Mantenimiento Industrial Torres,Mantenimiento Industrial Torres,,20557.34
2026-09-09,ING-0028,Cobro FAC-2265,Comercializadora Sonora,282570.04,
2026-09-09,ING-0036,Cobro FAC-2269,Refacciones Industriales MTY,255542.17,
2026-09-10,EGR-0037,Pago proveedor Transportes Rápidos del Centro,Transportes Rápidos del Centro,,171284.98
2026-09-10,EGR-0102,Telefonía e internet agosto,Telmex,,18260.00
2026-09-10,ING-0031,Cobro FAC-2266,Aceros y Perfiles del Golfo,218957.55,
2026-09-10,ING-0032,Cobro FAC-2267,Refacciones Industriales MTY,167075.99,
2026-09-11,EGR-0039,Pago proveedor Servicios Técnicos Ramírez,Servicios Técnicos Ramírez,,196530.69
2026-09-11,EGR-0043,Pago proveedor Seguros Patrimoniales del Norte,Seguros Patrimoniales del Norte,,34856.22
2026-09-11,ING-0035,Cobro FAC-2268,Grupo Logístico Altamira,286216.07,
2026-09-11,ING-0104,Cobro FAC-2291,Grupo Ferretero del Bajío,198400.00,
2026-09-11,ING-0105,Cobro FAC-2295,Grupo Ferretero del Bajío,143700.00,
2026-09-11,ING-0106,Cobro FAC-2301,Grupo Ferretero del Bajío,145200.00,
2026-09-14,EGR-0042,Pago proveedor Transportes Rápidos del Centro,Transportes Rápidos del Centro,,92878.35
2026-09-14,ING-0040,Cobro FAC-2270,Grupo Logístico Altamira,290636.01,
2026-09-14,ING-0041,Cobro FAC-2271,Comercializadora Sonora,39838.78,
2026-09-15,EGR-0047,Pago proveedor Aceros Monclova,Aceros Monclova,,113241.36
2026-09-15,ING-0044,Cobro FAC-2272,Grupo Logístico Altamira,304413.08,
2026-09-15,ING-0045,Cobro FAC-2273,Grupo Logístico Altamira,76504.61,
2026-09-15,ING-0046,Cobro FAC-2274,Refacciones Industriales MTY,232806.53,
2026-09-15,ING-0048,Cobro FAC-2275,Aceros y Perfiles del Golfo,168306.23,
2026-09-15,ING-0049,Cobro FAC-2276,Grupo Ferretero del Bajío,217195.47,
2026-09-15,NOM-0097,Nómina 15/09/2026,Personal,,1284500.00
2026-09-17,EGR-0050,Pago proveedor Mantenimiento Industrial Torres,Mantenimiento Industrial Torres,,185580.93
2026-09-17,EGR-0051,Pago proveedor Energía Industrial SA,Energía Industrial SA,,172722.53
2026-09-17,EGR-0052,Pago proveedor Papelería Corporativa MX,Papelería Corporativa MX,,174305.22
2026-09-17,EGR-0065,Pago proveedor Energía Industrial SA,Energía Industrial SA,,186892.60
2026-09-17,IMP-0099,ISR e IVA agosto 2026,SAT,,742318.00
2026-09-17,ING-0059,Cobro FAC-2282,Comercializadora Sonora,274381.01,
2026-09-18,EGR-0057,Pago proveedor Servicios Técnicos Ramírez,Servicios Técnicos Ramírez,,50560.31
2026-09-18,EGR-0066,Pago proveedor Aceros Monclova,Aceros Monclova,,151409.01
2026-09-18,EGR-0108,Servicio admón. empresarial,BBVA México,,12500.00
2026-09-18,ING-0053,Cobro FAC-2277,Grupo Ferretero del Bajío,64866.63,
2026-09-18,ING-0054,Cobro FAC-2278,Grupo Logístico Altamira,193014.97,
2026-09-18,ING-0055,Cobro FAC-2279,Grupo Ferretero del Bajío,115115.65,
2026-09-18,ING-0056,Cobro FAC-2280,Distribuidora Alfa Norte,66270.35,
2026-09-21,EGR-0061,Pago proveedor Servicios Técnicos Ramírez,Servicios Técnicos Ramírez,,145670.02
2026-09-21,IMP-0100,Cuotas IMSS agosto 2026,IMSS,,268940.00
2026-09-21,ING-0058,Cobro FAC-2281,Constructora Peninsular,266282.91,
2026-09-21,ING-0060,Cobro FAC-2283,Grupo Logístico Altamira,315599.09,
2026-09-22,EGR-0071,Pago proveedor Transportes Rápidos del Centro,Transportes Rápidos del Centro,,141068.73
2026-09-22,EGR-0109,Pago parcial OC-8841,Aceros Monclova,,45890.00
2026-09-22,ING-0062,Cobro FAC-2284,Suministros Eléctricos Querétaro,73699.24,
2026-09-22,ING-0063,Cobro FAC-2285,Grupo Logístico Altamira,180738.03,
2026-09-22,ING-0064,Cobro FAC-2286,Refacciones Industriales MTY,138896.14,
2026-09-22,ING-0069,Cobro FAC-2289,Refacciones Industriales MTY,163855.84,
2026-09-22,ING-0070,Cobro FAC-2290,Aceros y Perfiles del Golfo,221559.83,
2026-09-23,EGR-0075,Pago proveedor Energía Industrial SA,Energía Industrial SA,,51091.15
2026-09-23,ING-0067,Cobro FAC-2287,Distribuidora Alfa Norte,234755.36,
2026-09-23,ING-0068,Cobro FAC-2288,Distribuidora Alfa Norte,294986.62,
2026-09-23,ING-0077,Cobro FAC-2293,Comercializadora Sonora,94417.86,
2026-09-24,EGR-0074,Pago proveedor Energía Industrial SA,Energía Industrial SA,,24701.77
2026-09-24,EGR-0076,Pago proveedor Mantenimiento Industrial Torres,Mantenimiento Industrial Torres,,161977.18
2026-09-24,EGR-0091,Pago proveedor Empaques y Cartón Bajío,Empaques y Cartón Bajío,,120797.28
2026-09-24,EGR-0103,Renta oficinas septiembre,Inmobiliaria del Valle,,145000.00
2026-09-24,ING-0072,Cobro FAC-2291,Grupo Ferretero del Bajío,150213.60,
2026-09-24,ING-0073,Cobro FAC-2292,Refacciones Industriales MTY,273279.74,
2026-09-24,ING-0079,Cobro FAC-2295,Comercializadora Sonora,76138.77,
2026-09-24,ING-0084,Cobro FAC-2299,Refacciones Industriales MTY,283473.95,
2026-09-25,EGR-0081,Pago proveedor Transportes Rápidos del Centro,Transportes Rápidos del Centro,,53910.75
2026-09-25,EGR-0110,"Pago USD 9,600 OC-8902 (TC 19.1953)",Global Bearings Corp,,184275.00
2026-09-25,ING-0078,Cobro FAC-2294,Aceros y Perfiles del Golfo,318450.46,
2026-09-25,ING-0080,Cobro FAC-2296,Grupo Logístico Altamira,293411.75,
2026-09-28,EGR-0086,Pago proveedor Seguros Patrimoniales del Norte,Seguros Patrimoniales del Norte,,48451.70
2026-09-28,EGR-0087,Pago proveedor Transportes Rápidos del Centro,Transportes Rápidos del Centro,,140060.34
2026-09-28,ING-0082,Cobro FAC-2297,Suministros Eléctricos Querétaro,234469.05,
2026-09-28,ING-0083,Cobro FAC-2298,Refacciones Industriales MTY,200376.91,
2026-09-28,ING-0085,Cobro FAC-2300,Constructora Peninsular,286964.01,
2026-09-28,ING-0089,Cobro FAC-2302,Refacciones Industriales MTY,163761.35,
2026-09-29,EGR-0092,Pago proveedor Seguros Patrimoniales del Norte,Seguros Patrimoniales del Norte,,17543.12
2026-09-29,EGR-0107,Cheque 10847 - anticipo obra,Mantenimiento Industrial Torres,,67800.00
2026-09-29,ING-0088,Cobro FAC-2301,Constructora Peninsular,180613.10,
2026-09-29,ING-0090,Cobro FAC-2303,Distribuidora Alfa Norte,297192.92,
2026-09-30,EGR-0095,Pago proveedor Energía Industrial SA,Energía Industrial SA,,114596.59
2026-09-30,EGR-0096,Pago proveedor Servicios Técnicos Ramírez,Servicios Técnicos Ramírez,,123259.38
2026-09-30,ING-0093,Cobro FAC-2304,Aceros y Perfiles del Golfo,298503.54,
2026-09-30,ING-0094,Cobro FAC-2305,Grupo Logístico Altamira,279085.85,
2026-09-30,NOM-0098,Nómina 30/09/2026,Personal,,1291240.00
